sku_id,name,fragrance_family,top_notes,heart_notes,base_notes,size_ml,price_inr,cost_price_inr,stock_qty,product_url,image_url,description,inspired_by_internal
AAP-BOMBBAE,Bomb Bae,,,,,60,799,125,,,,,
AAP-MILLIONAIRE,Millionaire,,,,,60,799,146,,,,,
AAP-OPIUMBLACK,Opium Black,,,,,60,799,158,,,,,
AAP-QAHWAROYALE,Qahwa Royale,,,,,60,799,179,,,,,Khamrah Qahwa
AAP-HAWAAS,Hawaas,,,,,60,799,236,,,,,
AAP-DELOASIS,De L'Oasis,,,,,60,799,236,,,,,
AAP-LENVOL,L'Envol,,,,,60,799,236,,,,,Creed Aventus
AAP-RUFFIAN,Ruffian,,,,,60,799,,,,,,
AAP-MILLENNIUM,Millennium,,,,,60,799,,,,,,
AAP-LEAUALPINE,L'Eau de L'Alpine,,,,,60,799,,,,,,
AAP-SKU11,,,,,,60,799,,,,,,
AAP-SKU12,,,,,,60,799,,,,,,
AAP-SKU13,,,,,,60,799,,,,,,
AAP-SKU14,,,,,,60,799,,,,,,
AAP-SKU15,,,,,,60,799,,,,,,
